REGION,DEPARTEMENT,COMMUNE,LIEU DE VOTE,BUREAU,ELECTEURS,IMPLANTATION
MATAM,KANEL,AOURE,AOURE,1,556,ECOLE CLASSE CI
MATAM,KANEL,AOURE,AOURE,2,556,ECOLE CLASSE CE1
MATAM,KANEL,AOURE,AOURE,3,557,ECOLE CLASSE CE2
MATAM,KANEL,AOURE,AOURE,4,557,ECOLE CLASSE CM1
MATAM,KANEL,AOURE,AOURE,5,552,CM 2 A
MATAM,KANEL,AOURE,AOURE,6,554,SALLE DE CLASSE
MATAM,KANEL,AOURE,BOKISSABOUDOU,1,399,ECOLE CLASSE CI
MATAM,KANEL,AOURE,BOULBI,1,365,ABRI PROVISOIRE
MATAM,KANEL,AOURE,DIALLOUBE,1,595,ECOLE CLASSE CI
MATAM,KANEL,AOURE,DIALLOUBE,2,594,ECOLE CLASSE CE2
MATAM,KANEL,AOURE,DIAMOUGUEL,1,522,ECOLE CLASSE CI
MATAM,KANEL,AOURE,DIAMOUGUEL,2,519,ECOLE CLASSE CP
MATAM,KANEL,AOURE,DIAMOUGUEL,3,522,ECOLE CLASSE CM1
MATAM,KANEL,AOURE,DIAOBE KOBILO,1,263,ECOLE SALLE DE CLASSE
MATAM,KANEL,AOURE,DIAOBE KOBILO,2,158,ECOLE SALLE DE CLASSE
MATAM,KANEL,AOURE,DOUDE BAGUE,1,214,ABRI PROVISOIRE
MATAM,KANEL,AOURE,DOUNDE,1,508,ECOLE CLASSE CM1
MATAM,KANEL,AOURE,DOUNDE,2,510,ECOLE CLASSE CI
MATAM,KANEL,AOURE,DOUNDE,3,509,ECOLE SALLE DE CLASSE
MATAM,KANEL,AOURE,GODIOVEL,1,388,ABRI PROVISOIRE
MATAM,KANEL,AOURE,GOUREL DARA,1,264,ECOLE SALLE DE CLASSE
MATAM,KANEL,AOURE,HAMDALLAYE,1,234,ECOLE SALLE DE CLASSE
MATAM,KANEL,AOURE,LOBOUGAL,1,108,ECOLE SALLE DE CLASSE
MATAM,KANEL,AOURE,LOUGUE NODI,1,260,ECOLE SALLE DE CLASSE
MATAM,KANEL,AOURE,MAYEL NDAGANE,1,127,ECOLE SALLE DE CLASSE
MATAM,KANEL,AOURE,NDIOTT,1,436,ECOLE CLASSE CI
MATAM,KANEL,AOURE,NDIOTT,2,437,CP
MATAM,KANEL,AOURE,NIANGANA THIEDEL,1,218,ABRI PROVISOIRE
MATAM,KANEL,AOURE,PATOUKI ORIENTAL,1,168,ABRI PROVISOIRE
MATAM,KANEL,AOURE,SINDOU,1,186,ECOLE SALLE DE CLASSE
MATAM,KANEL,AOURE,VALEL,1,461,ECOLE SALLE DE CLASSE
MATAM,KANEL,AOURE,VALEL,2,462,ECOLE SALLE DE CLASSE
MATAM,KANEL,AOURE,YERIMALE TOROBE,1,565,ECOLE CLASSE CI
MATAM,KANEL,AOURE,YERIMALE TOROBE,2,563,ECOLE CLASSE CE1
MATAM,KANEL,BOKILADJI,ADABERE,1,586,ECOLE CLASSE CI
MATAM,KANEL,BOKILADJI,ADABERE,2,588,ECOLE CLASSE CM2
MATAM,KANEL,BOKILADJI,ALANA,1,569,ABRI PROVISOIRE
MATAM,KANEL,BOKILADJI,ALANA,2,51,ABRI PROVISOIRE
MATAM,KANEL,BOKILADJI,APPE DIAOUBE,1,414,ECOLE CLASSE CI
MATAM,KANEL,BOKILADJI,APPE DIAOUBE,2,413,ECOLE SALLE DE CLASSE
MATAM,KANEL,BOKILADJI,BABANGOL,1,484,ECOLE CLASSE CI
MATAM,KANEL,BOKILADJI,BOKILADJI,1,594,ECOLE CLASSE CI
MATAM,KANEL,BOKILADJI,BOKILADJI,2,594,ECOLE CLASSE CM2
MATAM,KANEL,BOKILADJI,BOKILADJI,3,593,CE1
MATAM,KANEL,BOKILADJI,BONDJI WALI,1,327,ECOLE CLASSE CI
MATAM,KANEL,BOKILADJI,BONDJI WALI,2,326,ECOLE CLASSE CP
MATAM,KANEL,BOKILADJI,BONDJI WALI,3,329,ECOLE CLASSE CE2
MATAM,KANEL,BOKILADJI,FADIARA,1,462,ECOLE CLASSE CI
MATAM,KANEL,BOKILADJI,GANGUEL MAKA,1,579,ECOLE CLASSE CI
MATAM,KANEL,BOKILADJI,GANGUEL MAKA,2,576,ECOLE CLASSE CE1
MATAM,KANEL,BOKILADJI,GANGUEL MAKA,3,65,ECOLE SALLE DE CLASSE
MATAM,KANEL,BOKILADJI,GAOUDE BOFFE,1,399,ECOLE CLASSE CI
MATAM,KANEL,BOKILADJI,GAOUDE BOFFE,2,398,ECOLE CLASSE CP
MATAM,KANEL,BOKILADJI,KAWAL,1,528,SALLE DE CLASSE
MATAM,KANEL,BOKILADJI,KAWAL,2,113,SALLE DE CLASSE
MATAM,KANEL,BOKILADJI,LOBALI,1,555,ECOLE CLASSE CI
MATAM,KANEL,BOKILADJI,LOBALI,2,564,ECOLE CLASSE CM1
MATAM,KANEL,BOKILADJI,LOBALI,3,190,SALLE DE CLASSE
MATAM,KANEL,BOKILADJI,OURO MBOULEL,1,585,ECOLE CLASSE CI
MATAM,KANEL,BOKILADJI,SINTHIOU FADIARA,1,408,ECOLE CLASSE CI
MATAM,KANEL,BOKILADJI,SINTHIOU FADIARA,2,409,SALLE DE CLASSE
MATAM,KANEL,BOKILADJI,THIAGNAF,1,569,ECOLE CLASSE CE1
MATAM,KANEL,BOKILADJI,THIAGNAF,2,41,ECOLE SALLE DE CLASSE
MATAM,KANEL,BOKILADJI,YACINE LACKE,1,501,ECOLE CLASSE CI
MATAM,KANEL,BOKILADJI,YACINE LACKE,2,502,ECOLE CLASSE CM1
MATAM,KANEL,BOKILADJI,YACINE LACKE,3,501,SALLE DE CLASSE
MATAM,KANEL,DEMBANCANE,DEMBANCANE ECOLE ELEMENTAIRE 1,1,590,ECOLE CLASSE CPA
MATAM,KANEL,DEMBANCANE,DEMBANCANE ECOLE ELEMENTAIRE 1,2,590,ECOLE CLASSE CE1A
MATAM,KANEL,DEMBANCANE,DEMBANCANE ECOLE ELEMENTAIRE 1,3,591,ECOLE CLASSE CM1A
MATAM,KANEL,DEMBANCANE,DEMBANCANE ECOLE ELEMENTAIRE 1,4,592,ECOLE CLASSE CM2B
MATAM,KANEL,DEMBANCANE,DEMBANCANE ECOLE ELEMENTAIRE 1,5,592,SALLE DE CLASSE
MATAM,KANEL,DEMBANCANE,WERMA ECOLE ELEMENTAIRE,1,404,ECOLE CLASSE CE2
MATAM,KANEL,HAMADI HOUNARE,ECOLE 1 HAMADI OUNARE,1,585,CLASSE CE1A
MATAM,KANEL,HAMADI HOUNARE,ECOLE 1 HAMADI OUNARE,2,584,CLASSE CM1B
MATAM,KANEL,HAMADI HOUNARE,ECOLE 1 HAMADI OUNARE,3,587,CLASSE CM1A
MATAM,KANEL,HAMADI HOUNARE,ECOLE 1 HAMADI OUNARE,4,584,CLASSE CE2A
MATAM,KANEL,HAMADI HOUNARE,ECOLE 1 HAMADI OUNARE,5,586,CLASSE CM2A
MATAM,KANEL,HAMADI HOUNARE,ECOLE 1 HAMADI OUNARE,6,584,CLASSE CE1C
MATAM,KANEL,HAMADI HOUNARE,ECOLE 1 HAMADI OUNARE,7,584,SALLE DE CLASSE
MATAM,KANEL,HAMADI HOUNARE,ECOLE 1 HAMADI OUNARE,8,585,SALLE DE CLASSE
MATAM,KANEL,HAMADI HOUNARE,ECOLE 1 HAMADI OUNARE,9,585,SALLE CTP
MATAM,KANEL,HAMADI HOUNARE,ECOLE 1 HAMADI OUNARE,10,585,SALLE CTP
MATAM,KANEL,HAMADI HOUNARE,ECOLE 1 HAMADI OUNARE,11,577,SALLE CTP
MATAM,KANEL,KANEL,CASE DES TOUT PETITS,1,516,GRANDE SALLE
MATAM,KANEL,KANEL,CASE DES TOUT PETITS,2,517,SALLE
MATAM,KANEL,KANEL,CEM DE KANEL,1,508,CLASSE ANATOLE FRANCE
MATAM,KANEL,KANEL,CEM DE KANEL,2,509,SALLE DE CLASSE
MATAM,KANEL,KANEL,ECOLE ELEMENTAIRE KANEL 1,1,579,CLASSE CE1B
MATAM,KANEL,KANEL,ECOLE ELEMENTAIRE KANEL 1,2,578,CLASSE CM1A
MATAM,KANEL,KANEL,ECOLE ELEMENTAIRE KANEL 1,3,578,CLASSE CE2A
MATAM,KANEL,KANEL,ECOLE ELEMENTAIRE KANEL 1,4,577,SALLE DE CLASSE
MATAM,KANEL,KANEL,ECOLE ELEMENTAIRE KANEL 1,5,579,SALLE DE CLASSE
MATAM,KANEL,KANEL,ECOLE ELEMENTAIRE KANEL 2,1,498,CLASSE CM1B
MATAM,KANEL,KANEL,ECOLE ELEMENTAIRE KANEL 2,2,500,CLASSE CE1A
MATAM,KANEL,KANEL,ECOLE ELEMENTAIRE KANEL 2,3,312,SALLE DE CLASSE
MATAM,KANEL,KANEL,MAIRIE DE KANEL,1,545,SALLE DE CLASSE ECOLE 3
MATAM,KANEL,KANEL,MAIRIE DE KANEL,2,553,SALLE DE CLASSE ECOLE 3
MATAM,KANEL,KANEL,MAIRIE DE KANEL,3,390,SALLE DE CLASSE ECOLE 3
MATAM,KANEL,KANEL,MAIRIE DE KANEL,4,391,SALLE DE CLASSE ECOLE 3
MATAM,KANEL,NDENDORY,ANDI YARI,1,577,CLASSE CE1
MATAM,KANEL,NDENDORY,BAPALEL,1,443,CLASSE CI
MATAM,KANEL,NDENDORY,BAPALEL,2,445,SALLE DE CLASSE
MATAM,KANEL,NDENDORY,BARMATHIAL,1,513,CLASSE CM2
MATAM,KANEL,NDENDORY,BOKI,1,157,ABRI PROVISOIRE
MATAM,KANEL,NDENDORY,DAIBA,1,444,CLASSE CM2
MATAM,KANEL,NDENDORY,DIAMALY,1,213,SALLE DE CLASSE
MATAM,KANEL,NDENDORY,GOUREL HADJI,1,353,CLASSE CM 2
MATAM,KANEL,NDENDORY,KELLOL,1,330,SALLE DE CLASSE
MATAM,KANEL,NDENDORY,LORDOUGA,1,180,SALLE DE CLASSE
MATAM,KANEL,NDENDORY,MANDIOUMBA,1,124,SALLE DE CLASSE
MATAM,KANEL,NDENDORY,NDEINDORI,1,555,CLASSE CE2
MATAM,KANEL,NDENDORY,NDEINDORI,2,559,CLASSE CI
MATAM,KANEL,NDENDORY,NDEINDORI,3,560,CLASSE CE 1
MATAM,KANEL,NDENDORY,NDEINDORI,4,556,CLASSE CM2
MATAM,KANEL,NDENDORY,NDEINDORI,5,558,ECOLE CLASSE CP
MATAM,KANEL,NDENDORY,NDEINDORI,6,561,ECOLE CLASSE CM1
MATAM,KANEL,NDENDORY,NDEINDORI,7,560,SALLE DE CLASSE
MATAM,KANEL,NDENDORY,NGANO,1,559,CLASSE CM2
MATAM,KANEL,NDENDORY,NGANO,2,548,CLASSE CE2
MATAM,KANEL,NDENDORY,NGANO,3,133,SALLE DE CLASSE
MATAM,KANEL,NDENDORY,ORNDOLDE,1,568,CLASSE CE1
MATAM,KANEL,NDENDORY,ORNDOLDE,2,575,CLASSE CM1
MATAM,KANEL,NDENDORY,ORNDOLDE,3,570,CLASSE CM2
MATAM,KANEL,NDENDORY,SAVADOGUEL,1,29,SALLE DE CLASSE
MATAM,KANEL,NDENDORY,SENO PALEL,1,510,CLASSE CP
MATAM,KANEL,NDENDORY,SENO PALEL,2,515,CLASSE CE 2
MATAM,KANEL,NDENDORY,SENO PALEL,3,506,CLASSE CM2
MATAM,KANEL,NDENDORY,SENO PALEL,4,463,SALLE DE CLASSE
MATAM,KANEL,NDENDORY,TEKINGUEL,1,544,CLASSE CM2
MATAM,KANEL,NDENDORY,TEKINGUEL,2,544,SALLE DE CLASSE
MATAM,KANEL,NDENDORY,WENDOU NODI,1,536,SALLE DE CLASSE
MATAM,KANEL,NDENDORY,WENDOU NODI,2,536,SALLE DE CLASSE
MATAM,KANEL,NDENDORY,WINDE DIOHE,1,219,CLASSE CE1
MATAM,KANEL,ODOBERE,ODOBERE,1,586,SALLE CLASSE CEM ODOBERE
MATAM,KANEL,ODOBERE,ODOBERE,2,589,SALLE CLASSE CEM ODOBERE
MATAM,KANEL,ODOBERE,ODOBERE,3,585,SALLE CLASSE CEM ODOBERE
MATAM,KANEL,ODOBERE,ODOBERE,4,587,SALLE CLASSE CEM ODOBERE
MATAM,KANEL,ODOBERE,ODOBERE,5,587,SALLE CLASSE CEM ODOBERE
MATAM,KANEL,ODOBERE,ODOBERE,6,588,SALLE CLASSE CEM ODOBERE
MATAM,KANEL,ORKADIERE,BALEL,1,488,ECOLE SALLE DE CLASSE
MATAM,KANEL,ORKADIERE,BARKATOU,1,378,ECOLE SALLE DE CLASSE
MATAM,KANEL,ORKADIERE,BARKATOU,2,378,ECOLE SALLE DE CLASSE
MATAM,KANEL,ORKADIERE,BARKEVI,1,396,ECOLE CLASSE CI
MATAM,KANEL,ORKADIERE,DIELLA,1,488,ECOLE CLASSE CI
MATAM,KANEL,ORKADIERE,DIELLA,2,486,ECOLE CLASSE CE1
MATAM,KANEL,ORKADIERE,DIELLA,3,486,ECOLE CLASSE CM1
MATAM,KANEL,ORKADIERE,DIELLA,4,487,CLASSE CE2 ECOLE
MATAM,KANEL,ORKADIERE,GANGUEL SOULE,1,456,ECOLE CLASSE CI
MATAM,KANEL,ORKADIERE,GANGUEL SOULE,2,456,ECOLE CLASSE CE2
MATAM,KANEL,ORKADIERE,GANGUEL SOULE,3,457,ECOLE CLASSE CM1
MATAM,KANEL,ORKADIERE,GANGUEL SOULE,4,457,ECOLE SALLE DE CLASSE
MATAM,KANEL,ORKADIERE,GASSAMBERI,1,398,ECOLE SALLE DE CLASSE
MATAM,KANEL,ORKADIERE,GASSAMBERI,2,306,ECOLE SALLE DE CLASSE
MATAM,KANEL,ORKADIERE,GOUMAL,1,415,ECOLE CLASSE CI
MATAM,KANEL,ORKADIERE,GOUMAL,2,414,ECOLE CLASSE CM1
MATAM,KANEL,ORKADIERE,GOURIKI COLIABE,1,425,ECOLE CLASSE CI
MATAM,KANEL,ORKADIERE,GOURIKI COLIABE,2,428,SALLE DE CLASSE
MATAM,KANEL,ORKADIERE,GOURIKI SAMBA DIOM,1,445,ECOLE CLASSE CI
MATAM,KANEL,ORKADIERE,ORKADIERE,1,578,ECOLE CLASSE CI
MATAM,KANEL,ORKADIERE,ORKADIERE,2,577,ECOLE CLASSE CP
MATAM,KANEL,ORKADIERE,ORKADIERE,3,579,ECOLE CLASSE CE1
MATAM,KANEL,ORKADIERE,ORKADIERE,4,580,ECOLE CLASSE CE2
MATAM,KANEL,ORKADIERE,ORKADIERE,5,575,ECOLE CLASSE CM1
MATAM,KANEL,ORKADIERE,ORKADIERE,6,576,ECOLE CLASSE CM2
MATAM,KANEL,ORKADIERE,ORKADIERE,7,578,CLASSE CI B ECOLE
MATAM,KANEL,ORKADIERE,ORKADIERE,8,578,SALLE DE CLASSE
MATAM,KANEL,ORKADIERE,ORKADIERE,9,573,ECOLE SALLE DE CLASSE
MATAM,KANEL,ORKADIERE,PADALAL,1,475,ECOLE CLASSE CI
MATAM,KANEL,ORKADIERE,PADALAL,2,478,ECOLE CLASSE CE1
MATAM,KANEL,ORKADIERE,PADALAL,3,477,ECOLE SALLE DE CLASSE
MATAM,KANEL,ORKADIERE,POLEL DIAOUBE,1,501,ECOLE CLASSE CI
MATAM,KANEL,ORKADIERE,POLEL DIAOUBE,2,500,ECOLE CLASSE CE1
MATAM,KANEL,ORKADIERE,POLEL DIAOUBE,3,504,CLASSE CE 2 ECOLE
MATAM,KANEL,ORKADIERE,SINTHIANE DIOUDE,1,496,ECOLE SALLE DE CLASSE
MATAM,KANEL,ORKADIERE,SINTHIOU POLEL,1,527,ECOLE SALLE DE CLASSE
MATAM,KANEL,ORKADIERE,SINTHIOU POLEL,2,129,ECOLE SALLE DE CLASSE
MATAM,KANEL,ORKADIERE,VINDOU BOSSEABE,1,577,ECOLE CLASSE CI
MATAM,KANEL,ORKADIERE,VINDOU BOSSEABE,2,569,ECOLE CLASSE CE1
MATAM,KANEL,ORKADIERE,VINDOU BOSSEABE,3,580,ECOLE CLASSE CM1
MATAM,KANEL,ORKADIERE,VINDOU BOSSEABE,4,577,ECOLE CLASSE CP
MATAM,KANEL,ORKADIERE,VINDOU BOSSEABE,5,573,ECOLE SALLE DE CLASSE
MATAM,KANEL,OUAOUNDE,ECOLE DE WAOUNDE,1,576,CLASSE CIB
MATAM,KANEL,OUAOUNDE,ECOLE DE WAOUNDE,2,575,CLASSE CM2B
MATAM,KANEL,OUAOUNDE,ECOLE DE WAOUNDE,3,575,CLASSE CM2A
MATAM,KANEL,OUAOUNDE,ECOLE DE WAOUNDE,4,579,CLASSE CM1B
MATAM,KANEL,OUAOUNDE,ECOLE DE WAOUNDE,5,571,CLASSE CM1A
MATAM,KANEL,OUAOUNDE,ECOLE DE WAOUNDE,6,573,CLASSE CE2A
MATAM,KANEL,OUAOUNDE,ECOLE DE WAOUNDE,7,574,CLASSE CE1A
MATAM,KANEL,OUAOUNDE,ECOLE DE WAOUNDE,8,575,CLASSE CPB
MATAM,KANEL,OUAOUNDE,ECOLE DE WAOUNDE,9,368,SALLE DE CLASSE
MATAM,KANEL,SEMME,DISPENSAIRE,1,493,ECOLE 2 SALLE DE CLASSE
MATAM,KANEL,SEMME,DISPENSAIRE,2,337,ECOLE 2 SALLE DE CLASSE
MATAM,KANEL,SEMME,ECOLE ELEMENTAIRE,1,563,CLASSE CM2
MATAM,KANEL,SEMME,ECOLE ELEMENTAIRE,2,565,CLASSE CPB
MATAM,KANEL,SEMME,ECOLE ELEMENTAIRE,3,565,CLASSE CE1A
MATAM,KANEL,SEMME,ECOLE ELEMENTAIRE,4,567,CLASSE CIB
MATAM,KANEL,SEMME,ECOLE ELEMENTAIRE,5,566,SALLE DE CLASSE
MATAM,KANEL,SEMME,MAIRIE,1,571,SALLE DE CONFERENCE
MATAM,KANEL,SEMME,MAIRIE,2,148,SALLE ARCHIVE
MATAM,KANEL,SINTHIOU BAMAMBE BANADJI,BANADJI,1,600,CLASSE CP
MATAM,KANEL,SINTHIOU BAMAMBE BANADJI,BANADJI,2,599,CLASSE CE2
MATAM,KANEL,SINTHIOU BAMAMBE BANADJI,BANADJI,3,599,ECOLE SALLE DE CLASSE
MATAM,KANEL,SINTHIOU BAMAMBE BANADJI,SINTHIOU BAMAMBE,1,578,CLASSE CPA
MATAM,KANEL,SINTHIOU BAMAMBE BANADJI,SINTHIOU BAMAMBE,2,579,CLASSE CE1B
MATAM,KANEL,SINTHIOU BAMAMBE BANADJI,SINTHIOU BAMAMBE,3,582,CLASSE CE2A
MATAM,KANEL,SINTHIOU BAMAMBE BANADJI,SINTHIOU BAMAMBE,4,578,CLASSE CM1B
MATAM,KANEL,SINTHIOU BAMAMBE BANADJI,SINTHIOU BAMAMBE,5,578,CLASSE CIA
MATAM,KANEL,SINTHIOU BAMAMBE BANADJI,SINTHIOU BAMAMBE,6,578,CLASSE CM2A
MATAM,KANEL,SINTHIOU BAMAMBE BANADJI,SINTHIOU BAMAMBE,7,584,CLASSE CE1A
MATAM,KANEL,SINTHIOU BAMAMBE BANADJI,SINTHIOU BAMAMBE,8,566,SALLE DE CLASSE
MATAM,KANEL,SINTHIOU BAMAMBE BANADJI,SINTHIOU BAMAMBE,9,568,SALLE DE CLASSE
MATAM,KANEL,SINTHIOU BAMAMBE BANADJI,SINTHIOU BAMAMBE,10,570,SALLE DE CLASSE
MATAM,KANEL,SINTHIOU BAMAMBE BANADJI,SINTHIOU BAMAMBE,11,566,SALLE DE CLASSE
MATAM,KANEL,WOURO SIDY,BOW,1,500,CLASSE CI
MATAM,KANEL,WOURO SIDY,BOW,2,501,SALLE DE CLASSE
MATAM,KANEL,WOURO SIDY,DOLOL,1,307,CLASSE CP
MATAM,KANEL,WOURO SIDY,ECOLE SORINGHO SEBBE,1,499,CLASSE CE1A
MATAM,KANEL,WOURO SIDY,ECOLE SORINGHO SEBBE,2,501,CLASSE CM1B
MATAM,KANEL,WOURO SIDY,ECOLE SORINGHO SEBBE,3,501,SALLE DE CLASSE
MATAM,KANEL,WOURO SIDY,FETE BOVE,1,207,SALLE DE CLASSE
MATAM,KANEL,WOURO SIDY,FORA DIAWARA,1,424,CLASSE CM2
MATAM,KANEL,WOURO SIDY,FOUMIHARA DEMBOUBE,1,552,ECOLE SALLE DE CLASSE
MATAM,KANEL,WOURO SIDY,FOUMIHARA DEMBOUBE,2,62,ECOLE SALLE DE CLASSE
MATAM,KANEL,WOURO SIDY,FOUMIHARA DIAMWELY,1,472,CLASSE CM2
MATAM,KANEL,WOURO SIDY,FOUMIHARA DIOBE,1,365,CLASSE CM1
MATAM,KANEL,WOURO SIDY,FOUMIHARA DIOBE,2,362,CLASSE CI ECOLE
MATAM,KANEL,WOURO SIDY,LEWE DAMGA,1,461,CLASSE CE2
MATAM,KANEL,WOURO SIDY,MADINA TOROBE,1,503,CLASSE CE1
MATAM,KANEL,WOURO SIDY,MADINA TOROBE,2,501,CLASSE CM2
MATAM,KANEL,WOURO SIDY,MBOUNG,1,30,ABRI PROVISOIRE
MATAM,KANEL,WOURO SIDY,MBOUNGUIEL,1,92,ABRI PROVISOIRE
MATAM,KANEL,WOURO SIDY,NAMARI,1,593,ABRI PROVISOIRE
MATAM,KANEL,WOURO SIDY,NGHAR,1,48,ABRI PROVISOIRE
MATAM,KANEL,WOURO SIDY,OURO SIDI,1,569,CLASSE CE2
MATAM,KANEL,WOURO SIDY,OURO SIDI,2,565,CLASSE CM2
MATAM,KANEL,WOURO SIDY,OURO SIDI,3,572,SALLE DE CLASSE
MATAM,KANEL,WOURO SIDY,OURO SIDI,4,106,SALLE DE CLASSE
MATAM,KANEL,WOURO SIDY,RANEROU ORIENTAL,1,13,ABRI PROVISOIRE
MATAM,KANEL,WOURO SIDY,SINTHIANE,1,513,CLASSE CP
MATAM,KANEL,WOURO SIDY,SINTHIANE,2,514,CLASSE CE2
MATAM,KANEL,WOURO SIDY,SINTHIANE,3,515,CLASSE CM2
MATAM,KANEL,WOURO SIDY,SINTHIANE,4,515,CLASSE CI ECOLE
MATAM,KANEL,WOURO SIDY,SORINGHO POULAR,1,439,CLASSE CM1
MATAM,KANEL,WOURO SIDY,SORINGHO POULAR,2,439,ECOLE SALLE DE CLASSE
MATAM,KANEL,WOURO SIDY,THIALI MAKA,1,416,CLASSE CM1
MATAM,KANEL,WOURO SIDY,THIALI MAKA,2,414,ECOLE SALLE DE CLASSE
MATAM,KANEL,WOURO SIDY,THIALY SOUBALO,1,564,SALLE DE CLASSE
MATAM,KANEL,WOURO SIDY,THIALY SOUBALO,2,41,SALLE DE CLASSE
MATAM,KANEL,WOURO SIDY,THIEMPING,1,562,CLASSE CE1
MATAM,KANEL,WOURO SIDY,THIEMPING,2,561,CLASSE CM2
MATAM,KANEL,WOURO SIDY,THIEMPING,3,564,SALLE DE CLASSE
MATAM,KANEL,WOURO SIDY,THIEMPING,4,159,ECOLE SALLE DE CLASSE
MATAM,KANEL,WOURO SIDY,VENDOU ALY,1,154,SALLE DE CLASSE
MATAM,MATAM,BOKIDIAVE,BALEL PATHE,1,141,SALLE DE CLASSE
MATAM,MATAM,BOKIDIAVE,BALEL PATHE,2,133,SALLE DE CLASSE
MATAM,MATAM,BOKIDIAVE,BOKIDIAVE SARAKOLE,1,573,CLASSE CM2 A
MATAM,MATAM,BOKIDIAVE,BOKIDIAVE SARAKOLE,2,575,CLASSE CM2 B
MATAM,MATAM,BOKIDIAVE,BOKIDIAVE SARAKOLE,3,574,CLASSE CM1 A
MATAM,MATAM,BOKIDIAVE,BOKIDIAVE SARAKOLE,4,574,CLASSE CM1 B
MATAM,MATAM,BOKIDIAVE,BOKIDIAVE TOUCOULEUR,1,543,CLASSE CE1 A
MATAM,MATAM,BOKIDIAVE,BOKIDIAVE TOUCOULEUR,2,547,CLASSE CE1 B
MATAM,MATAM,BOKIDIAVE,BOKIDIAVE TOUCOULEUR,3,562,CLASSE CE2 A
MATAM,MATAM,BOKIDIAVE,BOKIDIAVE TOUCOULEUR,4,554,CLASSE CE2 B
MATAM,MATAM,BOKIDIAVE,BOKIDIAVE TOUCOULEUR,5,264,ECOLE BOKIDIAWE1 CLASSE CP
MATAM,MATAM,BOKIDIAVE,DIAMEL GAOUDAL,1,435,ECOLE GAOUDAL 2/ CLASSE CM 2
MATAM,MATAM,BOKIDIAVE,DIOLOL DIAOBE,1,369,CLASSE CM 2
MATAM,MATAM,BOKIDIAVE,DIOLOL DIAOBE,2,368,CLASSE CE 2
MATAM,MATAM,BOKIDIAVE,DIOLOL DIAOBE,3,367,CLASSE CP
MATAM,MATAM,BOKIDIAVE,DONDOU,1,549,CLASSE CM2 A
MATAM,MATAM,BOKIDIAVE,DONDOU,2,548,CLASSE CM2 B
MATAM,MATAM,BOKIDIAVE,DONDOU,3,549,CLASSE CM1 A
MATAM,MATAM,BOKIDIAVE,DONDOU,4,547,CLASSE CM1B
MATAM,MATAM,BOKIDIAVE,DONDOU,5,543,CLASSE CE2A
MATAM,MATAM,BOKIDIAVE,DONDOU,6,551,CLASSE CE2B
MATAM,MATAM,BOKIDIAVE,DOUMGA OURO ALPHA,1,570,CLASSE CM2A
MATAM,MATAM,BOKIDIAVE,DOUMGA OURO ALPHA,2,566,CLASSE CM2B
MATAM,MATAM,BOKIDIAVE,DOUMGA OURO ALPHA,3,574,CLASSE CM1A
MATAM,MATAM,BOKIDIAVE,DOUMGA OURO ALPHA,4,567,CLASSE CE2
MATAM,MATAM,BOKIDIAVE,DOUMGA OURO ALPHA,5,398,ECOLE DOUMGA OURO ALPHA 1 CM1 B
MATAM,MATAM,BOKIDIAVE,DOUMGA OURO THIERNO,1,463,CLASSE CM 2
MATAM,MATAM,BOKIDIAVE,DOUMGA OURO THIERNO,2,461,CLASSE CE2
MATAM,MATAM,BOKIDIAVE,DOUMGA RINDIAW,1,538,CLASSE CM 2
MATAM,MATAM,BOKIDIAVE,DOUMGA RINDIAW,2,534,CLASSE CM 1
MATAM,MATAM,BOKIDIAVE,ECOLE DIOLOL YALALBE,1,552,ECOLE / CLASSE CI
MATAM,MATAM,BOKIDIAVE,ECOLE DIOVOL,1,426,ECOLE / CLASSE CP
MATAM,MATAM,BOKIDIAVE,ECOLE KIRIRE 1,1,594,ECOLE / CLASSE CE1
MATAM,MATAM,BOKIDIAVE,ECOLE MOW,1,343,ECOLE / CLASSE CI
MATAM,MATAM,BOKIDIAVE,ECOLE PADE BOYNGAL,1,163,ECOLE PADE BOYNGAL CLASSE CM2
MATAM,MATAM,BOKIDIAVE,GAOL,1,508,CLASSE CM 2
MATAM,MATAM,BOKIDIAVE,GAOL,2,509,CLASSE CM 1
MATAM,MATAM,BOKIDIAVE,GAOUDAL,1,421,CLASSE CM 2
MATAM,MATAM,BOKIDIAVE,GAOUDAL,2,419,CLASSE CM 1
MATAM,MATAM,BOKIDIAVE,GUIRAYE,1,576,CLASSE CM 2
MATAM,MATAM,BOKIDIAVE,GUIRAYE,2,125,CLASSE CP
MATAM,MATAM,BOKIDIAVE,KATOTE,1,500,CLASSE CM 2
MATAM,MATAM,BOKIDIAVE,KAVEL DIALLOUBE,1,472,CLASSE CM 2
MATAM,MATAM,BOKIDIAVE,KAVEL DIALLOUBE,2,470,CLASSE CM 1
MATAM,MATAM,BOKIDIAVE,KAVEL DIALLOUBE,3,470,CLASSE CE 2
MATAM,MATAM,BOKIDIAVE,MBAKHNA 1,1,563,CLASSE CM 2
MATAM,MATAM,BOKIDIAVE,MBAKHNA 1,2,561,CLASSE CM 1
MATAM,MATAM,BOKIDIAVE,MBOLOYEL,1,476,CLASSE CM 2
MATAM,MATAM,BOKIDIAVE,MBOLOYEL,2,476,CLASSE CM 1
MATAM,MATAM,BOKIDIAVE,SADEL,1,531,CLASSE CM2 A
MATAM,MATAM,BOKIDIAVE,SADEL,2,539,CLASSE CM2 B
MATAM,MATAM,BOKIDIAVE,SADEL,3,533,CLASSE CM1 A
MATAM,MATAM,BOKIDIAVE,SADEL,4,539,CLASSE CE 2 ECOLE 1
MATAM,MATAM,BOKIDIAVE,SADEL,5,381,CLASSE SADEL 1 CLASSE CM1 B
MATAM,MATAM,BOKIDIAVE,SARACOURO DIALLOUBE,1,394,CLASSE CE2
MATAM,MATAM,BOKIDIAVE,SARACOURO DIALLOUBE,2,335,SALLE DE CLASSE
MATAM,MATAM,BOKIDIAVE,THIEHEL SEBBE,1,533,SALLE DE CLASSE
MATAM,MATAM,DABIA,BARGA,1,436,ECOLE BARGA CLASSE CM2
MATAM,MATAM,DABIA,DABIA ODEDJI,1,522,CLASSE CM2A
MATAM,MATAM,DABIA,DABIA ODEDJI,2,529,CLASSE CM2B
MATAM,MATAM,DABIA,DABIA ODEDJI,3,513,CLASSE CM1A
MATAM,MATAM,DABIA,DABIA ODEDJI,4,243,CLASSE CP
MATAM,MATAM,DABIA,DIAL PECHEURS,1,572,ECOLE CLASSE CM2
MATAM,MATAM,DABIA,DIAL PECHEURS,2,575,ECOLE CLASSE CE2
MATAM,MATAM,DABIA,DIAL PECHEURS,3,112,ABRI PROVISOIRE
MATAM,MATAM,DABIA,DIONGTO,1,407,CLASSE CM1
MATAM,MATAM,DABIA,DIONGTO,2,407,CLASSE CM2
MATAM,MATAM,DABIA,ECOLE SYLLA,1,262,CLASSE CI
MATAM,MATAM,DABIA,GABABE PECHEURS,1,453,CLASSE CM1
MATAM,MATAM,DABIA,GABABE PECHEURS,2,453,SALLE DE CLASSE
MATAM,MATAM,DABIA,GOUDOUDE DIOBE,1,489,CLASSE CI
MATAM,MATAM,DABIA,GOUDOUDE DIOBE,2,359,SALLE DE CLASSE
MATAM,MATAM,DABIA,GOUDOUDE NDOUETBE,1,573,CLASSE CE2
MATAM,MATAM,DABIA,GOUDOUDE NDOUETBE,2,579,CLASSE CM1
MATAM,MATAM,DABIA,GOUDOUDE NDOUETBE,3,255,SALLE DE CLASSE CP
MATAM,MATAM,DABIA,KOBILO DIADIABE,1,544,ECOLE KOBILO DIAKESBE CE2A
MATAM,MATAM,DABIA,KOBILO DIADIABE,2,543,ECOLE KOBILO DIAKESBE CM1B
MATAM,MATAM,DABIA,KOBILO DIADIABE,3,544,ECOLE KOBILO DIAKESBE CM2B
MATAM,MATAM,DABIA,KOBILO DIAKESBE,1,566,ECOLE KOBILO 2 CLASSE C1
MATAM,MATAM,DABIA,KOBILO DIAKESBE,2,569,ECOLE KOBILO 2 CLASSE CE2
MATAM,MATAM,DABIA,KOBILO TOROBE,1,562,CLASSE CPA
MATAM,MATAM,DABIA,KOBILO TOROBE,2,559,CLASSE CPB
MATAM,MATAM,DABIA,KOBILO TOROBE,3,559,CLASSE CE 1 A ECOLE
MATAM,MATAM,DABIA,MOLLE OUALO,1,153,ABRI PROVISOIRE
MATAM,MATAM,DABIA,SARE LIOU,1,553,CLASSE CM1
MATAM,MATAM,DABIA,SARE LIOU,2,351,SALLE DE CLASSE
MATAM,MATAM,DABIA,SINTHIOU DIAMBOR,1,526,CLASSE CM2
MATAM,MATAM,DES AGNAM (AGNAM CIVOL),AGNAM CIVOL,1,595,ECOLE AGNAM CIVOL CLASSE CP
MATAM,MATAM,DES AGNAM (AGNAM CIVOL),AGNAM CIVOL,2,593,ECOLE AGNAM CIVOL CLASSE CE2
MATAM,MATAM,DES AGNAM (AGNAM CIVOL),AGNAM CIVOL,3,592,ECOLE AGNAM CIVOL CLASSE CM1
MATAM,MATAM,DES AGNAM (AGNAM CIVOL),AGNAM CIVOL,4,595,ECOLE AGNAM CIVOL CLASSE CM2
MATAM,MATAM,DES AGNAM (AGNAM CIVOL),AGNAM CIVOL,5,594,ECOLE AGNAM CIVOL CLASSE
MATAM,MATAM,DES AGNAM (AGNAM CIVOL),AGNAM CIVOL,6,597,ABRI PROVISOIRE
MATAM,MATAM,DES AGNAM (AGNAM CIVOL),AGNAM GODO,1,519,CLASSE CE2
MATAM,MATAM,DES AGNAM (AGNAM CIVOL),AGNAM GODO,2,517,CLASSE CME2
MATAM,MATAM,DES AGNAM (AGNAM CIVOL),AGNAM GOLI,1,557,ECOLE AGNAM GOLI CLASSE CM2
MATAM,MATAM,DES AGNAM (AGNAM CIVOL),AGNAM GOLI,2,558,ECOLE AGNAM GOLI CLASSE CE2A
MATAM,MATAM,DES AGNAM (AGNAM CIVOL),AGNAM GOLI,3,556,ECOLE AGNAM GOLI CLASSE CM1A
MATAM,MATAM,DES AGNAM (AGNAM CIVOL),AGNAM GOLI,4,555,ECOLE AGNAM GOLI CLASSE CM1B
MATAM,MATAM,DES AGNAM (AGNAM CIVOL),AGNAM GOLI,5,558,ECOLE AGNAM GOLI CLASSE CE2B
MATAM,MATAM,DES AGNAM (AGNAM CIVOL),AGNAM THIODAYE,1,581,ECOLE AGNAM THIODAYE CE2A
MATAM,MATAM,DES AGNAM (AGNAM CIVOL),AGNAM THIODAYE,2,578,ECOLE AGNAM THIODAYE CM1A
MATAM,MATAM,DES AGNAM (AGNAM CIVOL),AGNAM THIODAYE,3,580,ECOLE AGNAM THIODAYE CM2A
MATAM,MATAM,DES AGNAM (AGNAM CIVOL),AGNAM THIODAYE,4,580,ECOLE AGNAM THIODAYE CM2B
MATAM,MATAM,DES AGNAM (AGNAM CIVOL),AGNAM THIODAYE,5,581,ECOLE AGNAM THIODAYE CLASSE
MATAM,MATAM,DES AGNAM (AGNAM CIVOL),AGNAM THIODAYE,6,583,ECOLE AGNAM THIODAYE CLASSE CE2 B
MATAM,MATAM,DES AGNAM (AGNAM CIVOL),AGNAM TOULEL THIALLE,1,551,CLASSE CE2
MATAM,MATAM,DES AGNAM (AGNAM CIVOL),AGNAM TOULEL THIALLE,2,555,CLASSE CM1
MATAM,MATAM,DES AGNAM (AGNAM CIVOL),AGNAM TOULEL THIALLE,3,562,CLASSE CM 2 ECOLE
MATAM,MATAM,DES AGNAM (AGNAM CIVOL),AGNAM TOULEL THIALLE,4,380,ABRI PROVISOIRE
MATAM,MATAM,DES AGNAM (AGNAM CIVOL),AGNAM TOULEL THIALLE,5,383,CLASSE CM2
MATAM,MATAM,DES AGNAM (AGNAM CIVOL),ECOLE AGNAM LIDOUBE,1,465,CLASSE CE2
MATAM,MATAM,DES AGNAM (AGNAM CIVOL),ECOLE AGNAM LIDOUBE,2,465,CLASSE CM2
MATAM,MATAM,DES AGNAM (AGNAM CIVOL),ECOLE SINTHIOU BOUMAKA,1,491,CLASSE CI
MATAM,MATAM,DES AGNAM (AGNAM CIVOL),ECOLE SINTHIOU BOUMAKA,2,487,CLASSE CP
MATAM,MATAM,DES AGNAM (AGNAM CIVOL),ECOLE SINTHIOU BOUMAKA,3,440,CLASSE CE1
MATAM,MATAM,DES AGNAM (AGNAM CIVOL),ECOLE SINTHIOU BOUMAKA,4,440,CLASSE CE2
MATAM,MATAM,DES AGNAM (AGNAM CIVOL),MBERLA BELE,1,489,ECOLE MBERLA BELE CLASSE CI
MATAM,MATAM,DES AGNAM (AGNAM CIVOL),MBERLA BELE,2,485,ECOLE MBERLA BELE CLASSE
MATAM,MATAM,DES AGNAM (AGNAM CIVOL),MBERLA BELE,3,492,ABRI PROVISOIRE
MATAM,MATAM,DES AGNAM (AGNAM CIVOL),NDIAFFANE BELTHINDI,1,581,SALLE DE CLASSE
MATAM,MATAM,DES AGNAM (AGNAM CIVOL),NDIAFFANE BELTHINDI,2,582,SALLE DE CLASSE CP
MATAM,MATAM,DES AGNAM (AGNAM CIVOL),NDIAFFANE SOROKOUM,1,556,CLASSE CE2
MATAM,MATAM,DES AGNAM (AGNAM CIVOL),NDIAFFANE SOROKOUM,2,551,CLASSE CM1
MATAM,MATAM,DES AGNAM (AGNAM CIVOL),NDIAFFANE SOROKOUM,3,537,ABRI PROVISOIRE
MATAM,MATAM,DES AGNAM (AGNAM CIVOL),NDIAFFANE SOROKOUM,4,538,CLASSE CP
MATAM,MATAM,DES AGNAM (AGNAM CIVOL),SIEGE ALDA AGNAM OURO CIRE,1,499,ECOLE OURO CIRE CLASSE CI
MATAM,MATAM,DES AGNAM (AGNAM CIVOL),SIEGE ALDA AGNAM OURO CIRE,2,501,ECOLE OURO CIRE BUREAU DIR.
MATAM,MATAM,DES AGNAM (AGNAM CIVOL),SIEGE ALDA AGNAM OURO CIRE,3,501,SALLE DE CLASSE
MATAM,MATAM,DES AGNAM (AGNAM CIVOL),SIEGE ALDA AGNAM OURO CIRE,4,500,SALLE DE CLASSE CP
MATAM,MATAM,DES AGNAM (AGNAM CIVOL),SIEGE ALDA AGNAM OURO CIRE,5,502,CLASSE CM1
MATAM,MATAM,DES AGNAM (AGNAM CIVOL),SYLLA WORGO,1,399,ABRI PROVISOIRE
MATAM,MATAM,DES AGNAM (AGNAM CIVOL),SYLLA WORGO,2,346,ABRI PROVISOIRE
MATAM,MATAM,MATAM,ECOLE DIAMEL,1,573,CLASSE CM2 A
MATAM,MATAM,MATAM,ECOLE DIAMEL,2,574,CLASSE CM1 A
MATAM,MATAM,MATAM,ECOLE DIAMEL,3,500,SALLE DE CLASSE
MATAM,MATAM,MATAM,ECOLE DIAMEL,4,501,SALLE DE CLASSE CM2 B
MATAM,MATAM,MATAM,ECOLE GOUREL SERIGNE,1,569,SALLE MATERNELLE PETITE SECTIO
MATAM,MATAM,MATAM,ECOLE GOUREL SERIGNE,2,570,CLASSE CP B
MATAM,MATAM,MATAM,ECOLE GOUREL SERIGNE,3,569,CLASSE CE2 B
MATAM,MATAM,MATAM,ECOLE GOUREL SERIGNE,4,563,SALLE DE CLASSE
MATAM,MATAM,MATAM,ECOLE GOUREL SERIGNE,5,248,SALLE DE CLASSE CM1
MATAM,MATAM,MATAM,ECOLE MATAM 1,1,527,CLASSE CM2 B
MATAM,MATAM,MATAM,ECOLE MATAM 1,2,526,CLASSE CE1 A
MATAM,MATAM,MATAM,ECOLE MATAM 1,3,530,CLASSE CE1 C
MATAM,MATAM,MATAM,ECOLE MATAM 1,4,532,SALLE DE CLASSE
MATAM,MATAM,MATAM,ECOLE MATAM 1,5,527,SALLE DE CLASSE CE2 B
MATAM,MATAM,MATAM,ECOLE MATAM 2,1,545,CLASSE CE2 A
MATAM,MATAM,MATAM,ECOLE MATAM 2,2,547,CLASSE CP B
MATAM,MATAM,MATAM,ECOLE MATAM 2,3,545,CLASSE CM2 B
MATAM,MATAM,MATAM,ECOLE MATAM 2,4,547,CLASSE CM2 A
MATAM,MATAM,MATAM,ECOLE MATAM 4,1,559,SALLE DE CLASSE
MATAM,MATAM,MATAM,ECOLE MATAM 4,2,561,SALLE DE CLASSE
MATAM,MATAM,MATAM,ECOLE MATAM 4,3,562,SALLE DE CLASSE
MATAM,MATAM,MATAM,ECOLE MATAM 4,4,554,SALLE DE CLASSE
MATAM,MATAM,MATAM,ECOLE MATAM 4,5,353,SALLE DE CLASSE  CE2 B
MATAM,MATAM,MATAM,ECOLE NAVEL,1,484,CLASSE CP B
MATAM,MATAM,MATAM,ECOLE NAVEL,2,484,CLASSE CE 1
MATAM,MATAM,MATAM,ECOLE NAVEL,3,485,SALLE DE CLASSE
MATAM,MATAM,NABADJI CIVOL,BOKISSABOUDOU,1,499,CLASSE CM 2
MATAM,MATAM,NABADJI CIVOL,BOKISSABOUDOU,2,500,CLASSE CM1
MATAM,MATAM,NABADJI CIVOL,BOYNADJI ROUMDE,1,489,CLASSE CM2A
MATAM,MATAM,NABADJI CIVOL,BOYNADJI ROUMDE,2,490,CLASSE CM2 B
MATAM,MATAM,NABADJI CIVOL,BOYNADJI ROUMDE,3,487,CLASSE CE2
MATAM,MATAM,NABADJI CIVOL,BOYNADJI SINTHIOU,1,537,CLASSE CM1 A
MATAM,MATAM,NABADJI CIVOL,BOYNADJI SINTHIOU,2,537,CLASSE CM1 B
MATAM,MATAM,NABADJI CIVOL,BOYNADJI SINTHIOU,3,537,CLASSE CE2 A
MATAM,MATAM,NABADJI CIVOL,BOYNADJI SINTHIOU,4,534,SALLE DE CLASSE
MATAM,MATAM,NABADJI CIVOL,DIENGA,1,479,ABRI PROVISOIRE
MATAM,MATAM,NABADJI CIVOL,ECOLE HONTORBE,1,459,ECOLE / CLASSE CI
MATAM,MATAM,NABADJI CIVOL,ECOLE SIRIWORO,1,311,ECOLE / CLASSE CP
MATAM,MATAM,NABADJI CIVOL,ECOLE THIOUBALEL,1,380,ECOLE / CLASSE CI
MATAM,MATAM,NABADJI CIVOL,ECOLE TIGUERE YENE,1,560,ECOLE / CLASSE CP
MATAM,MATAM,NABADJI CIVOL,ECOLE TIGUERE YENE,2,269,ECOLE / CLASSE CI
MATAM,MATAM,NABADJI CIVOL,FETE NIEBE,1,462,CLASSE CM2 A
MATAM,MATAM,NABADJI CIVOL,FETE NIEBE,2,461,CLASSE CM1 A
MATAM,MATAM,NABADJI CIVOL,FETE NIEBE,3,460,CLASSE CE2 A
MATAM,MATAM,NABADJI CIVOL,KOUNDEL,1,508,CLASSE CM 2
MATAM,MATAM,NABADJI CIVOL,KOUNDEL,2,510,SALLE DE CLASSE
MATAM,MATAM,NABADJI CIVOL,MOGO YALALBE 1,1,295,ECOLE MOGO YALALBE/ CLASSE CI
MATAM,MATAM,NABADJI CIVOL,NABADJI CIVOL 1,1,597,CLASSE CM2  A
MATAM,MATAM,NABADJI CIVOL,NABADJI CIVOL 1,2,596,CLASSE CM2 B
MATAM,MATAM,NABADJI CIVOL,NABADJI CIVOL 1,3,597,CLASSE CM1 A
MATAM,MATAM,NABADJI CIVOL,NABADJI CIVOL 1,4,594,CLASSE CM1 B
MATAM,MATAM,NABADJI CIVOL,NABADJI CIVOL 1,5,593,CLASSE CE2 A
MATAM,MATAM,NABADJI CIVOL,NABADJI CIVOL 1,6,599,CLASSE DE CE2 B
MATAM,MATAM,NABADJI CIVOL,NABADJI MBAL,1,428,CLASSE CM 2
MATAM,MATAM,NABADJI CIVOL,NABADJI MBAL,2,426,CLASSE CM 1
MATAM,MATAM,NABADJI CIVOL,NDOULOUMADJI DEMBE,1,560,CLASSE CM2 A
MATAM,MATAM,NABADJI CIVOL,NDOULOUMADJI DEMBE,2,555,CLASSE CM2 B
MATAM,MATAM,NABADJI CIVOL,NDOULOUMADJI DEMBE,3,559,CLASSE CM1 A
MATAM,MATAM,NABADJI CIVOL,NDOULOUMADJI DEMBE,4,558,CLASSE CE 2 A
MATAM,MATAM,NABADJI CIVOL,NDOULOUMADJI DEMBE,5,558,CLASSE CE 2 A
MATAM,MATAM,NABADJI CIVOL,NDOULOUMADJI DEMBE,6,496,ECOLE NDOULMADJI DEMBE 1 - CM 1 B
MATAM,MATAM,NABADJI CIVOL,NDOULOUMADJI FOUNEBE,1,567,ECOLE / CLASSE CE2
MATAM,MATAM,NABADJI CIVOL,NDOULOUMADJI FOUNEBE,2,570,ECOLE / CLASSE CE1
MATAM,MATAM,NABADJI CIVOL,NDOULOUMADJI FOUNEBE,3,415,CLASSE DE CI
MATAM,MATAM,NABADJI CIVOL,NGUEYENE,1,547,CLASSE CM2 A
MATAM,MATAM,NABADJI CIVOL,NGUEYENE,2,546,CLASSE CM2 B
MATAM,MATAM,NABADJI CIVOL,NGUEYENE,3,547,CLASSE CM1 A
MATAM,MATAM,NABADJI CIVOL,SEDO ABASSE,1,410,CLASSE CM2 A
MATAM,MATAM,NABADJI CIVOL,SEDO ABASSE,2,406,CLASSE CM2 B
MATAM,MATAM,NABADJI CIVOL,SEDO SEBE,1,564,ECOLE - CLASSE CM2
MATAM,MATAM,NABADJI CIVOL,SEDO SEBE,2,559,CLASSE CM1
MATAM,MATAM,NABADJI CIVOL,SEDO SEBE,3,566,CLASSE CE 2
MATAM,MATAM,NABADJI CIVOL,SEDO SEBE,4,559,CLASSE CE 1 ECOLE 1
MATAM,MATAM,NABADJI CIVOL,SEDO SEBE,5,198,ECOLE SEDO SEBE 1 CLASSE CP
MATAM,MATAM,NABADJI CIVOL,SINTHIOU MOGO,1,504,CLASSE CM 2
MATAM,MATAM,NABADJI CIVOL,SINTHIOU MOGO,2,501,CLASSE CM1
MATAM,MATAM,NABADJI CIVOL,THIARENE,1,583,CLASSE CM 2
MATAM,MATAM,NABADJI CIVOL,THIARENE,2,584,CLASSE C M 1
MATAM,MATAM,NABADJI CIVOL,THIARENE,3,587,CLASSE C E 2
MATAM,MATAM,NABADJI CIVOL,THIARENE,4,199,CLASSE CE1 B
MATAM,MATAM,NABADJI CIVOL,TIGUERE CIRE,1,482,CLASSE CM 2
MATAM,MATAM,NABADJI CIVOL,TIGUERE CIRE,2,480,CLASSE CM 1
MATAM,MATAM,NABADJI CIVOL,TIGUERE CIRE,3,482,CLASSE CE 2
MATAM,MATAM,NABADJI CIVOL,WOUDOUROU,1,528,CLASSE CM 2
MATAM,MATAM,NABADJI CIVOL,WOUDOUROU,2,532,CLASSE CM 1
MATAM,MATAM,NABADJI CIVOL,WOUDOUROU,3,522,CLASSE CE 2
MATAM,MATAM,NABADJI CIVOL,WOUDOUROU,4,528,SALLE DE CLASSE
MATAM,MATAM,NABADJI CIVOL,WOUDOUROU,5,339,ECOLE WOUDOUROU 1 CLASSE CP
MATAM,MATAM,NGUIDJILONE,ALI OURI,1,441,CLASSE CM 2
MATAM,MATAM,NGUIDJILONE,ALI OURI,2,440,CLASSE CM 1
MATAM,MATAM,NGUIDJILONE,ALI OURI,3,442,CLASSE CE 2
MATAM,MATAM,NGUIDJILONE,ECOLE FRANCO ARABE,1,438,SALLE DE CLASSE
MATAM,MATAM,NGUIDJILONE,ECOLE FRANCO ARABE,2,439,SALLE DE CLASSE
MATAM,MATAM,NGUIDJILONE,ECOLE FRANCO ARABE,3,439,SALLE DE CLASSE
MATAM,MATAM,NGUIDJILONE,KEDELE,1,503,ECOLE KEDELE/ CLASSE CM2
MATAM,MATAM,NGUIDJILONE,KEDELE,2,326,ECOLE KEDELE/ CLASSE CE2
MATAM,MATAM,NGUIDJILONE,NGUIDJILONE,1,559,CLASSE CM2 A
MATAM,MATAM,NGUIDJILONE,NGUIDJILONE,2,569,CLASSE CM2 B
MATAM,MATAM,NGUIDJILONE,NGUIDJILONE,3,563,CLASSE CM1 A
MATAM,MATAM,NGUIDJILONE,NGUIDJILONE,4,560,CLASSE CM1 B
MATAM,MATAM,NGUIDJILONE,NGUIDJILONE,5,533,CLASSE CE1 A
MATAM,MATAM,NGUIDJILONE,NGUIDJILONE,6,329,ECOLE SADA NDIAYE CLASSE CE 1 B
MATAM,MATAM,NGUIDJILONE,SOMONO,1,574,CLASSE DE CP
MATAM,MATAM,NGUIDJILONE,SOMONO,2,27,ECOLE SOMONO CLASSE CM2
MATAM,MATAM,OGO,BELINAYDE MBAYLA,1,508,ABRI PROVISOIRE
MATAM,MATAM,OGO,BELINAYDE MBAYLA,2,508,ABRI PROVISOIRE
MATAM,MATAM,OGO,DANTHIADI,1,568,CLASSE CM2 A
MATAM,MATAM,OGO,DANTHIADI,2,559,CLASSE CM1 A
MATAM,MATAM,OGO,DANTHIADI,3,571,CLASSE CE2 A
MATAM,MATAM,OGO,DANTHIADI,4,488,ECOLE DANTHIADY/ CLASSE DE CI A
MATAM,MATAM,OGO,DIANDIOLY TOUCOULEUR,1,531,CLASSE CM2 A
MATAM,MATAM,OGO,DIANDIOLY TOUCOULEUR,2,538,CLASSE CM1 A
MATAM,MATAM,OGO,DIANDIOLY TOUCOULEUR,3,532,CLASSE CE2 A
MATAM,MATAM,OGO,DIANDIOLY TOUCOULEUR,4,311,CLASSE CE1 B
MATAM,MATAM,OGO,DINDOUDI,1,332,CLASSE CM 1
MATAM,MATAM,OGO,ECOLE HAMARABE,1,481,CLASSE CP
MATAM,MATAM,OGO,GALOYABE TOUCOULEUR,1,288,CLASSE CM 2
MATAM,MATAM,OGO,GALOYABE TOUCOULEUR,2,287,CLASSE CM 1
MATAM,MATAM,OGO,GALOYABE TOUCOULEUR,3,287,CLASSE CI
MATAM,MATAM,OGO,GANABALOL,1,435,CLASSE CM 2
MATAM,MATAM,OGO,GARLI,1,504,CLASSE CM 2
MATAM,MATAM,OGO,GARLI,2,108,ECOLE GARLY/ CLASSE CM1
MATAM,MATAM,OGO,HOMBO,1,435,CLASSE CM 2
MATAM,MATAM,OGO,HOMBO,2,438,CLASSE CM 1
MATAM,MATAM,OGO,LAMBANGO,1,336,CLASSE CE 2
MATAM,MATAM,OGO,LEVE NGUENAR,1,582,CLASSE CE 1
MATAM,MATAM,OGO,LEVE NGUENAR,2,294,CLASSE DE CM1
MATAM,MATAM,OGO,LOUMBOL ALLOUKI,1,223,ECOLE CLASSE CI
MATAM,MATAM,OGO,OGO,1,563,CLASSE CM2 A
MATAM,MATAM,OGO,OGO,2,565,CLASSE CM2 B
MATAM,MATAM,OGO,OGO,3,561,CLASSE CM1 A
MATAM,MATAM,OGO,OGO,4,560,CLASSE CE2 A
MATAM,MATAM,OGO,OGO,5,572,CLASSE CM 1 ECOLE 1
MATAM,MATAM,OGO,OGO,6,354,CLASSE CE2 B ECOLE 1
MATAM,MATAM,OGO,SINTHIOU GARBA,1,562,CLASSE CM2 A
MATAM,MATAM,OGO,SINTHIOU GARBA,2,554,CLASSE CM2 B
MATAM,MATAM,OGO,SINTHIOU GARBA,3,567,CLASSE CM1 A
MATAM,MATAM,OGO,SINTHIOU GARBA,4,566,CLASSE CM1 B
MATAM,MATAM,OGO,SINTHIOU GARBA,5,552,CLASSE CE2 A
MATAM,MATAM,OGO,SINTHIOU GARBA,6,557,CLASSE CE2B
MATAM,MATAM,OGO,SINTHIOU GARBA,7,549,CLASSE CE 1 A
MATAM,MATAM,OGO,THIAMBE,1,556,CLASSE CM2 A
MATAM,MATAM,OGO,THIAMBE,2,555,CLASSE CM1 A
MATAM,MATAM,OGO,THIANCONE BOGUEL,1,490,CLASSE CM 2
MATAM,MATAM,OGO,THIANCONE BOGUEL,2,491,CLASSE CM 1
MATAM,MATAM,OGO,THIANCONE BOGUEL,3,426,CLASSE CM 1 B
MATAM,MATAM,OGO,THIANCONE HIRAYE,1,474,CLASSE CM 2
MATAM,MATAM,OGO,THIANCONE HIRAYE,2,474,CLASSE CM 1
MATAM,MATAM,OGO,VASSACODE MBAYLA,1,577,CLASSE CM 2
MATAM,MATAM,OGO,VASSACODE MBAYLA,2,575,CLASSE CM 1
MATAM,MATAM,OGO,VASSACODE MBAYLA,3,172,CLASSE CE2 A
MATAM,MATAM,OREFONDE,AGNAM OURO MOLLO,1,421,ABRI PROVISOIRE
MATAM,MATAM,OREFONDE,AGNAM OURO MOLLO,2,422,ABRI PROVISOIRE
MATAM,MATAM,OREFONDE,DIALAGNOL,1,547,ECOLE SALLE DE CLASSE
MATAM,MATAM,OREFONDE,DIALAGNOL,2,552,ECOLE SALLE DE CLASSE
MATAM,MATAM,OREFONDE,DIORBIVOL PECHEURS,1,540,CLASSE CP
MATAM,MATAM,OREFONDE,DIORBIVOL PECHEURS,2,544,CLASSE CM2
MATAM,MATAM,OREFONDE,DIOWGUEL,1,539,ECOLE DIOWGUEL CLASSE CP
MATAM,MATAM,OREFONDE,DIOWGUEL,2,537,ECOLE DIOWGUEL CLASSE CE
MATAM,MATAM,OREFONDE,ECOLE DIORBIVOL STATION,1,374,ABRI PROVISOIRE
MATAM,MATAM,OREFONDE,HODIO,1,548,ECOLE ASNDE BALLA CLASSE CI
MATAM,MATAM,OREFONDE,HODIO,2,548,ECOLE ASNDE BALLA CLASSE CM2A
MATAM,MATAM,OREFONDE,HODIO,3,545,ECOLE ASNDE BALLA CLASSE CE2A
MATAM,MATAM,OREFONDE,HODIO,4,549,ECOLE ASNDE BALLA CLASSE CE1A
MATAM,MATAM,OREFONDE,LOUMBAL BALADJI,1,565,ECOLE LOUMBAL BALADJI CIA
MATAM,MATAM,OREFONDE,LOUMBAL BALADJI,2,568,ECOLE LOUMBAL BALADJI CM2
MATAM,MATAM,OREFONDE,LOUMBAL BALADJI,3,568,ECOLE LOUMBAL BALADJI CE2
MATAM,MATAM,OREFONDE,LOUMBAL BALADJI,4,568,SALLE DE CLASSE CP
MATAM,MATAM,OREFONDE,LOUMBI SANDARABE,1,523,CLASSE CE1
MATAM,MATAM,OREFONDE,LOUMBI SANDARABE,2,141,ABRI PROVISOIRE
MATAM,MATAM,OREFONDE,OREFONDE,1,545,ECOLE OREFONDE E1 CLASSE CIB
MATAM,MATAM,OREFONDE,OREFONDE,2,552,ECOLE OREFONDE CLASSE CEIA
MATAM,MATAM,OREFONDE,OREFONDE,3,549,ECOLE OREFONDE 1 CLASSE CE2A
MATAM,MATAM,OREFONDE,OREFONDE,4,545,ECOLE OREFONDE 1 CLASSE CM1A
MATAM,MATAM,OREFONDE,OREFONDE,5,547,ECOLE OREFONDE CLASSE CM2A
MATAM,MATAM,OREFONDE,OREFONDE,6,548,ECOLE OREFONDE 1 CIA
MATAM,MATAM,OREFONDE,OREFONDE,7,548,ABRI PROVISOIRE
MATAM,MATAM,OREFONDE,OREFONDE,8,549,ABRI PROVISOIRE
MATAM,MATAM,OUROSSOGUI,C.E.M. OURROSSOGUI,1,529,CEM OUROSSOGUI CLASSE 5EME
MATAM,MATAM,OUROSSOGUI,C.E.M. OURROSSOGUI,2,528,CEM OUROSSOGUI CLASSE 6EME
MATAM,MATAM,OUROSSOGUI,C.E.M. OURROSSOGUI,3,527,SALLE DE CLASSE
MATAM,MATAM,OUROSSOGUI,C.E.M. OURROSSOGUI,4,529,SALLE DE CLASSE
MATAM,MATAM,OUROSSOGUI,ECOLE 1 (AINOUMADY 1),1,524,CLASSE CM2A
MATAM,MATAM,OUROSSOGUI,ECOLE 1 (AINOUMADY 1),2,522,CLASSE CM2B
MATAM,MATAM,OUROSSOGUI,ECOLE 1 (AINOUMADY 2),1,409,ECOLE OUROSSOGUI 1 CI
MATAM,MATAM,OUROSSOGUI,ECOLE 1 (AINOUMADY 2),2,407,SALLE DE CLASSE
MATAM,MATAM,OUROSSOGUI,ECOLE 2,1,554,CLASSE CM1A
MATAM,MATAM,OUROSSOGUI,ECOLE 2,2,551,CALSSE CIB
MATAM,MATAM,OUROSSOGUI,ECOLE 2,3,549,CALSSE CPB
MATAM,MATAM,OUROSSOGUI,ECOLE 2,4,559,CLASSE CI A
MATAM,MATAM,OUROSSOGUI,ECOLE 2,5,564,SALLE DE CLASSE
MATAM,MATAM,OUROSSOGUI,ECOLE 2,6,360,SALLE DE CLASSE CP A
MATAM,MATAM,OUROSSOGUI,ECOLE 3,1,549,ECOLE OUROSSOGUI3 CLASSE CIA
MATAM,MATAM,OUROSSOGUI,ECOLE 3,2,542,ECOLE OUROSSOGUI 3 CIB
MATAM,MATAM,OUROSSOGUI,ECOLE 3,3,546,SALLE DE CLASSE
MATAM,MATAM,OUROSSOGUI,ECOLE 3,4,550,SALLE DE CLASSE
MATAM,MATAM,OUROSSOGUI,ECOLE 3,5,224,SALLE DE CLASSE CE2 A
MATAM,MATAM,OUROSSOGUI,ECOLE OUROSSOGUE 4,1,527,ECOLE OUROSSOGUI 2 CIA
MATAM,MATAM,OUROSSOGUI,ECOLE OUROSSOGUE 4,2,527,ECOLE OUROSSOGUI 2 CIB
MATAM,MATAM,OUROSSOGUI,ECOLE OUROSSOGUE 4,3,529,SALLE DE CLASSE
MATAM,MATAM,OUROSSOGUI,ECOLE OUROSSOGUE 4,4,528,SALLE DE CLASSE CM2 A
MATAM,MATAM,THILOGNE,ECOLE 1,1,324,CLASSE CIA
MATAM,MATAM,THILOGNE,ECOLE 1,2,326,CLASSE CIC
MATAM,MATAM,THILOGNE,ECOLE 1,3,326,CLASSE CM1A
MATAM,MATAM,THILOGNE,ECOLE 1,4,325,CLASSE CM2A
MATAM,MATAM,THILOGNE,ECOLE 1,5,324,CLASSE CE1B
MATAM,MATAM,THILOGNE,ECOLE 1,6,324,CLASSE C E 2 B
MATAM,MATAM,THILOGNE,ECOLE 1,7,321,CLASSE CPB
MATAM,MATAM,THILOGNE,ECOLE 1,8,323,CLASSE CE1A
MATAM,MATAM,THILOGNE,ECOLE 2,1,577,ECOLE THILOGNE 2 CLASSE CM2A
MATAM,MATAM,THILOGNE,ECOLE 2,2,573,ECOLE THILOGNE 2 CLASSE CM2B
MATAM,MATAM,THILOGNE,ECOLE 2,3,572,SALLE DE CLASSE
MATAM,MATAM,THILOGNE,ECOLE 2,4,574,SALLE DE CLASSE
MATAM,MATAM,THILOGNE,ECOLE 2,5,574,SALLE DE CLASSE
MATAM,MATAM,THILOGNE,ECOLE 2,6,575,SALLE DE CLASSE
MATAM,MATAM,THILOGNE,ECOLE 2,7,572,ABRI PROVISOIRE
MATAM,MATAM,THILOGNE,ECOLE 3,1,139,SALLE DE CLASSE
MATAM,RANEROU FERLO,LOUGRE THIOLY,BADAGOR,1,453,ECOLE SALLE DE CLASSE
MATAM,RANEROU FERLO,LOUGRE THIOLY,GALLET 1,1,184,ECOLE SALLE 1
MATAM,RANEROU FERLO,LOUGRE THIOLY,GUIRDE LATHIE 1,1,223,ABRI PROVISOIRE
MATAM,RANEROU FERLO,LOUGRE THIOLY,KOSSASSE NAMARY,1,303,ECOLE SALLE 1
MATAM,RANEROU FERLO,LOUGRE THIOLY,LOUGRE THIOLY,1,589,ECOLE SALLE 1
MATAM,RANEROU FERLO,LOUGRE THIOLY,LOUGRE THIOLY,2,582,ECOLE SALLE 2
MATAM,RANEROU FERLO,LOUGRE THIOLY,LOUGRE THIOLY,3,586,SALLE 3
MATAM,RANEROU FERLO,LOUGRE THIOLY,LOUGRE THIOLY,4,65,SALLE ANNEXE ECOLE LOUGRE THIOLLY
MATAM,RANEROU FERLO,LOUGRE THIOLY,NDIAYENE,1,347,ECOLE SALLE 1
MATAM,RANEROU FERLO,LOUGRE THIOLY,THIOUKOUNGAL,1,417,ECOLE SALLE DE CLASSE
MATAM,RANEROU FERLO,OUDALAYE,BELEL,1,275,ECOLE SALLE DE CLASSE
MATAM,RANEROU FERLO,OUDALAYE,BOULONE SENO,1,299,ABRI PROVISOIRE
MATAM,RANEROU FERLO,OUDALAYE,CIVIABE ORIENTAL,1,568,ECOLE SALLE DE CLASSE
MATAM,RANEROU FERLO,OUDALAYE,CIVIABE ORIENTAL,2,328,ECOLE SALLE DE CLASSE 2
MATAM,RANEROU FERLO,OUDALAYE,DENDOUDY DOW,1,221,ABRI PROVISOIRE
MATAM,RANEROU FERLO,OUDALAYE,DENDOUDY DOW,2,216,ABRI PROVISOIRE
MATAM,RANEROU FERLO,OUDALAYE,DOUNOUBEL,1,76,ABRI PROVISOIRE
MATAM,RANEROU FERLO,OUDALAYE,FOURDOU MBAYLA,1,576,ECOLE SALLE 1
MATAM,RANEROU FERLO,OUDALAYE,FOURDOU MBAYLA,2,576,ECOLE SALLE 2
MATAM,RANEROU FERLO,OUDALAYE,GASSE DIABE,1,451,ECOLE SALLE DE CLASSE
MATAM,RANEROU FERLO,OUDALAYE,GASSE SAFALBE,1,317,ECOLE SALLE DE CLASSE
MATAM,RANEROU FERLO,OUDALAYE,KATANE,1,105,ECOLE SALLE DE CLASSE
MATAM,RANEROU FERLO,OUDALAYE,KOUROUKARANE,1,122,ABRI PROVISOIRE
MATAM,RANEROU FERLO,OUDALAYE,LOUGUE THIECODIE,1,92,ABRI PROVISOIRE
MATAM,RANEROU FERLO,OUDALAYE,LOUMBI NIALBY,1,194,ECOLE SALLE DE CLASSE
MATAM,RANEROU FERLO,OUDALAYE,LOUMBOL SAMBA ABDOUL,1,473,ECOLE SALLE 1
MATAM,RANEROU FERLO,OUDALAYE,LOUMBOL SAMBA ABDOUL,2,473,ECOLE SALLE DE CLASSE
MATAM,RANEROU FERLO,OUDALAYE,MBAM,1,468,ABRI PROVISOIRE
MATAM,RANEROU FERLO,OUDALAYE,MBOUL BOKI,1,411,ECOLE SALLE DE CLASSE
MATAM,RANEROU FERLO,OUDALAYE,MODI KELLOL,1,342,ABRI PROVISOIRE
MATAM,RANEROU FERLO,OUDALAYE,NAKARA,1,179,ECOLE ELEMENTAIRE DE NAKARA SALLE1
MATAM,RANEROU FERLO,OUDALAYE,NAOURE,1,572,ECOLE SALLE 1
MATAM,RANEROU FERLO,OUDALAYE,NAOURE,2,65,ECOLE SALLE 2
MATAM,RANEROU FERLO,OUDALAYE,OUDALAYE,1,543,ABRI PROVISOIRE
MATAM,RANEROU FERLO,OUDALAYE,OUDALAYE,2,542,ABRI PROVISOIRE
MATAM,RANEROU FERLO,OUDALAYE,PATOUKI,1,352,ECOLE SALLE DE CLASSE
MATAM,RANEROU FERLO,OUDALAYE,PETHIEL,1,250,ABRI PROVISOIRE
MATAM,RANEROU FERLO,OUDALAYE,SAMBADOGUEL,1,477,ECOLE PUBLIQUE SALLE 1
MATAM,RANEROU FERLO,OUDALAYE,SINTHIOU MAMOUDOU,1,245,ABRI PROVISOIRE
MATAM,RANEROU FERLO,OUDALAYE,YOUNOUFERE,1,484,ECOLE PUBLIQUE SALLE 1
MATAM,RANEROU FERLO,OUDALAYE,YOUNOUFERE,2,491,ECOLE PUBLIQUE SALLE 2
MATAM,RANEROU FERLO,OUDALAYE,YOUNOUFERE,3,508,ECOLE PUBLIQUE SALLE 3
MATAM,RANEROU FERLO,OUDALAYE,YOUNOUFERE,4,149,ECOLE PUBLIQUE SALLE DE CLASSE
MATAM,RANEROU FERLO,RANEROU,RANEROU,1,579,SALLE 1
MATAM,RANEROU FERLO,RANEROU,RANEROU,2,579,SALLE 5 CE1 A
MATAM,RANEROU FERLO,RANEROU,RANEROU,3,578,SALLE DE CLASSE
MATAM,RANEROU FERLO,RANEROU,RANEROU,4,578,SALLE 7
MATAM,RANEROU FERLO,RANEROU,RANEROU,5,579,SALLE FRANCO-ARABE
MATAM,RANEROU FERLO,VELINGARA (RANEROU),ADIA,1,540,ECOLE SALLE DE CLASSE
MATAM,RANEROU FERLO,VELINGARA (RANEROU),BAGNANOL 2,1,276,ECOLE SALLE DE CLASSE
MATAM,RANEROU FERLO,VELINGARA (RANEROU),BELEL TOUFFLE SANTHIANE,1,338,ECOLE SALLE DE CLASSE
MATAM,RANEROU FERLO,VELINGARA (RANEROU),BELEL TOUFFLE SANTHIANE,2,338,ECOLE SALLE DE CLASSE
MATAM,RANEROU FERLO,VELINGARA (RANEROU),BOUNDOU MBABA BARKEDJI,1,297,ECOLE SALLE DE CLASSE
MATAM,RANEROU FERLO,VELINGARA (RANEROU),BOUNDOU MBABA SANTHIE,1,346,ECOLE SALLE 1
MATAM,RANEROU FERLO,VELINGARA (RANEROU),DAYANE GASSEL,1,485,ECOLE SALLE DE CLASSE
MATAM,RANEROU FERLO,VELINGARA (RANEROU),MBAKEDJI SAMBA NIAKE,1,344,ABRI PROVISOIRE
MATAM,RANEROU FERLO,VELINGARA (RANEROU),MBEM MBEM,1,507,ECOLE SALLE 1
MATAM,RANEROU FERLO,VELINGARA (RANEROU),MBEM MBEM,2,506,ECOLE SALLE 2
MATAM,RANEROU FERLO,VELINGARA (RANEROU),NDIANOYE,1,519,ECOLE SALLE 1
MATAM,RANEROU FERLO,VELINGARA (RANEROU),NELBI,1,197,ABRI PROVISOIRE
MATAM,RANEROU FERLO,VELINGARA (RANEROU),SAB SABRE DIAM DIAM,1,345,ECOLE SALLE DE CLASSE
MATAM,RANEROU FERLO,VELINGARA (RANEROU),SESSOUM DOUBEL,1,225,ECOLE SALLE DE CLASSE
MATAM,RANEROU FERLO,VELINGARA (RANEROU),THIASKY DIONABE,1,132,ECOLE SALLE DE CLASSE
MATAM,RANEROU FERLO,VELINGARA (RANEROU),THIONOKH SANGUE,1,527,ECOLE SALLE 1
MATAM,RANEROU FERLO,VELINGARA (RANEROU),THIONOKH SANGUE,2,525,ECOLE SALLE 2
MATAM,RANEROU FERLO,VELINGARA (RANEROU),VELINGARA,1,557,ECOLE SALLE 1
MATAM,RANEROU FERLO,VELINGARA (RANEROU),VELINGARA,2,550,ECOLE SALLE 2
MATAM,RANEROU FERLO,VELINGARA (RANEROU),VELINGARA,3,551,ECOLE SALLE 3
MATAM,RANEROU FERLO,VELINGARA (RANEROU),VELINGARA,4,554,ECOLE SALLE 4
MATAM,RANEROU FERLO,VELINGARA (RANEROU),VELINGARA,5,398,ECOLE SALLE 5
MATAM,RANEROU FERLO,VELINGARA (RANEROU),WENDOU NAMARY,1,257,ECOLE SALLE DE CLASSE
